x1,x2,x3,y
-1.0,-0.6507720414317073,-0.06291040415132065,0.16097663349702973
0.39585345383387516,1.0,-0.22680905737630108,9.176071066413071
0.481420253263527,-0.14066540618331347,-0.9045022579363304,0.054977305905287155
-1.0,0.8137584897964119,-0.15509976339544584,2.5875510208785553
0.9219237203502884,1.0,-0.7416391713261388,21.653796901002245
0.226788385227493,-0.7798884585955539,0.5566921050070943,0.6134545583637375
0.04650777494609537,0.6496545979058381,-0.686677793277918,1.2764578801220092
-0.4783562591699646,-0.17767363206997633,1.0,1.1144017950267737
-0.6274860898687515,0.26929717476975124,-1.0,-0.014737110736899761
-0.6998047933703828,-0.7417400717901304,-0.48837087286113623,2.481028934360906
0.28454997719164954,-1.0,0.30049791697223505,0.9039277004062997
0.2533955109207584,1.0,0.4769799056205133,7.142430945150311
-0.5197615993422402,-0.8844489999688707,-1.0,-7.163432906091811
-1.0,-0.452526133257533,-1.0,6.608705752835747
0.7575401900160923,0.9871111959732706,-0.6938494975843248,13.186966610402612
-0.6710140431717404,-0.7038334638004977,-0.49821089123520634,2.357994473841283
0.8291340066816411,-0.8765607040067793,0.6092711013288641,-0.626846412118077
0.24449977294953618,0.382139627912927,0.7966710000625139,0.8060172712384586
-1.0,0.4786643999952642,-0.3570453138396179,-0.9947308119449606
-0.8830729452236867,-0.7429721090713604,0.459134927881941,3.4603058626740597
0.5809873830013388,-0.9316804070331202,0.04543259356815632,0.4210450282332109
0.2944461953611688,-0.31584448161527057,0.3511502203945349,0.9263198726670218
0.46655603152006986,-1.0,0.03734354136373352,0.6229073069048152
-0.042786514425406486,0.8462499516274711,0.8701155626538379,6.8887443578004355
-1.0,1.0,0.3359151653317236,2.6817996687804087
-1.0,-0.5075123405144,0.3868483838670782,0.26856768981421764
-0.26564974671978714,0.7993630502923448,0.19440253701821186,1.2165555408922537
0.5245290300274708,-0.4169939058679868,1.0,-3.5594266484985817
0.6379030031048085,-0.02316602968177084,0.003812667966472949,1.419730796078112
1.0,0.33900317889267706,0.1485885710600483,5.856320383600727
-0.07863236016434061,0.888425352402209,-1.0,-2.0925980339281574
-0.13206667968382302,-1.0,-1.0,-16.98970154120867
-0.8269873438443611,0.7889229073472328,1.0,9.731710040909535
-0.1950724551690317,-1.0,-0.16853459481552568,2.517437260397255
0.6009826440696531,0.36690916327124024,1.0,3.953670092181636
1.0,0.935242680711921,-0.8806797199065308,24.85899909778718
0.6576985852257746,-0.0567555010955223,1.0,0.17633488030094008
0.8980047851605972,-1.0,-0.415080164651791,-7.517003041633182
1.0,-0.3319607070621957,0.7323361833444377,6.307771227039828
-0.36046146207607754,0.39021814438465463,-0.15580012148026423,-0.9113102541417191
0.056923431151352455,-1.0,0.3854895307721429,1.0530953864311579
1.0,-0.5776151446666189,-0.8985924206432909,3.3382618106444015
-0.3324697624684534,0.30910892796541845,0.5400291453642114,-0.5780537811767807
-0.021551451362498586,0.21409869766885037,0.0031709387181622084,-0.12603909061370888
-1.0,-0.4298323162569091,0.622128114821225,0.7221989844731762
-0.6275667606527444,-0.3556392538215374,-0.5884157945852442,0.773905538708448
0.3204401405851287,0.47310195436773284,-0.09559658352976452,1.4092766988052436
0.18279736276573844,-0.013619836173904831,0.45207673613831934,0.8071534965855816
0.26934903389404874,-0.07223137836715554,0.3722433361394617,0.4940039094820736
0.9229805544769909,1.0,-1.0,28.136316311475564
-0.8843768068546387,-0.731249166790106,0.613193213037972,4.163407983920624
1.0,-0.17140821807400863,-1.0,7.035584199508134
0.18001976887169624,0.6181769986597767,0.40820480902152756,0.5480492155597197
-0.31742469138402196,-0.7381218736736399,0.19099812649453796,1.006805464127548
0.8148245033153017,1.0,0.49560892400022794,8.651340221363723
-1.0,0.2734229421215326,-0.8532940074616326,6.364951356175722
0.026776640155454556,-0.4692747833022135,0.9818107323981826,-1.3734279664181197
-0.6444133180367979,-1.0,-0.5800352446610697,1.8516330746041003
0.7312358150000358,0.49036821943832565,-1.0,-0.33314171100986834
-0.1997894020671116,0.04462293979265164,0.2659733968803335,-0.2967001377679464
-1.0,-0.9177699600729037,0.4408833109769106,9.10266631189295
-0.49602579992814144,-1.0,-0.696504792185568,-2.1683009685767978
1.0,-0.922013157252777,0.035073697606026855,-3.281851749052661
-0.17685197140105657,1.0,-0.06984146650182255,7.666054835510348
-0.6112727368942801,0.5471631025384558,0.11528808651452294,-2.385599507050273
-0.6612985317584053,1.0,1.0,16.570129803132517
-0.7614099633530869,0.5371070986291007,-1.0,2.463557777499927
-0.6570118228751329,0.8503360233861119,-1.0,-1.6408715802013059
-0.7272851794748272,-0.16940100658370638,-0.32286849990653255,-0.5116991895958996
-0.6071812925652644,-0.8167444628080363,0.6115814854341253,1.9275842215247274
1.0,-1.0,0.419635484920309,-6.744256526215603
-0.06955169470771705,0.5895451912670344,-0.5575981598070026,0.7708939285588717
0.8185623311260659,1.0,-0.17851078989512947,10.257162929751528
-0.5006093684028734,0.6736914346025886,-0.5768764769773176,-1.1439388986233208
-0.05239392952308686,-0.11309698890606246,0.44996649931988686,0.014909844461493682
-0.06210627130192892,-0.4190389904901297,0.8332431218113945,-0.7062617508244095
-0.9538232592675242,0.1396909551378307,-0.08493941748841238,-3.4502814752569413
1.0,0.011856103210994506,-1.0,7.879230356142982
-0.5252322723056646,1.0,1.0,15.678253187914601
0.26016711229553047,-0.02749809051498131,-0.10353897162393166,0.44395252759578785
-0.032717839922317804,0.2610597671003452,1.0,2.3502755429325273
-1.0,0.08723690300168152,1.0,3.6187373610603197
0.892621178518449,1.0,0.09669087791722975,10.172077609498908
1.0,-0.7185260520378587,-0.8324596532449642,2.7976159511670993
1.0,0.5274972352065495,-1.0,13.240923509389157
0.6706061019878864,0.31362495747005137,0.9524159546263811,3.2636692208506104
-0.6202172217982929,-1.0,-0.23306454594694137,4.1827966157885355
1.0,-0.5162471190214062,-0.5682541375554102,4.554652097879853
0.2605164659328052,-0.23078008771985425,-0.8601903229649368,-0.3440779141306275
0.14278602152735154,0.46277845873846246,-1.0,-3.6249177336014626
0.969991869668771,-1.0,-0.5226585729251867,-10.813279761336624
-0.43742778095790413,-1.0,0.02709175514185813,3.080489237679848
0.5281903612704031,-0.2319996456854354,1.0,-1.2121180752237461
-0.03739396183833521,-0.1523410629416142,-0.5487322195025184,0.45865151638832674
-0.7009265303357222,-0.0070040396802377725,-1.0,2.318036809558393
-0.2292129360564743,0.11771632855876213,0.5126153884819298,-0.3107870115904986
-0.0040521708285525815,-0.3768840199192851,-0.13732274661748356,1.232022969213513
-1.0,-1.0,-0.5618355090213698,4.495264887101731
-0.012939324666703556,-0.24693654431973888,-1.0,-4.5986064933463675
0.6239144595617758,0.45387101315988887,-0.747275654252114,1.6584669707716597
-0.3973973570803475,-0.3060295943381306,1.0,0.16943258441675957
-1.0,-0.07639284572015548,-0.3811864521370447,-2.7858362378526076
1.0,0.4705005960713602,-0.054644066755639376,6.223776373311532
0.16931588789933016,-1.0,-0.576823043692954,-2.1054525084235642
0.3022662832293854,-1.0,0.4985691831694059,0.8262055388309595
-0.5755513127823606,0.6396192223802228,-0.15313524074591833,-1.3701634128463653
0.21458282477644275,-0.3252258822367,-0.5730335758095377,1.1578374212590565
-0.4372681273796166,-1.0,1.0,-3.433581529680557
-1.0,-0.5444033066685694,-1.0,5.982841682366837
1.0,-0.884921780414357,0.17368681602290725,-2.9481667665068243
-1.0,0.005847958330232439,-1.0,11.141698050214602
0.6588088391970113,0.25131490097149234,0.1488850067408809,0.6626311895537738
-1.0,1.0,0.35613554013304594,2.845833842969151
0.02414255720119396,-0.04984657180407592,-0.40552424110536234,0.8866418497422682
-0.4789901701615342,0.48579283627854797,0.889421641633843,0.9516063098744326
-1.0,-1.0,-0.38208050283183814,6.091618787287712
-0.21750651963461531,-0.3401387340667741,-1.0,-3.6608000684474895
-0.7832200465588759,0.9420752180260425,-1.0,2.0159473453016483
1.0,-1.0,-1.0,-29.676101794593503
-0.36926184359598,0.6957426525014263,0.44720681166968324,-0.2518605504559683
0.806383591357352,-1.0,0.5296630154023569,-3.861723123048113
0.15810158155745868,0.3297285706444759,1.0,1.7640802153450217
-0.4941003576511016,0.4807341564758565,0.8506757415228403,1.4768696997201396
-1.0,-0.159320991429454,-1.0,9.417880508506636
-0.037398841972856145,0.8325295444916603,-0.8877225612126143,-0.5376877914343641
-0.6615632719918891,-0.4977794170161556,0.24579079588287733,0.3387452053112803
-0.7421085675602457,-0.9272102715964428,0.8319903796809005,4.955700512909889
-0.6333347013619326,0.8779791271267878,0.30898103288153944,0.32187279722777573
-0.3354322728128136,-0.22134165124909422,0.04874256929184195,-0.7241020259898601
-0.29671474296794353,1.0,0.47689638999601924,7.5303646762394765
0.6903125661296974,0.21669598909147036,0.4835944319307077,2.611395192609253
1.0,0.5681316991519538,-0.32208989843265745,6.365887400538107
-0.9768831094415549,-1.0,0.766857475361924,15.541465944051222
0.015518714894592778,0.9211324300788553,0.2715442033511306,3.826988373860927
1.0,0.3084447714782028,-0.5022013016974194,5.715758807742925
-0.5075234705552996,-0.8380481788760747,0.14406751188935685,2.2898224748110065
-1.0,-0.7198804724612125,0.050345140878513606,2.867663721883826
1.0,0.07963268013115932,0.7185149760402689,9.191392068314105
0.08817362086059011,-0.16716992706503975,-0.2631589221622026,1.1627092885553432
1.0,-1.0,-0.09208486930507953,-8.34479673428686
-0.2091098881995641,0.9960738543138286,0.7552843661105493,8.627161929521547
0.5261402539296289,0.506013249867701,0.8791912340906656,2.2151890160397607
-0.4829423427682591,-0.3694206590846636,0.9970722514770953,0.6601222900981271
-1.0,-0.39942560924833503,0.3251328724119267,-1.6914605793028916
-0.4821193285273184,-0.48631178546957354,1.0,0.9256068511390754
-0.5633735571979295,-0.4251586524223512,1.0,1.9287968008750913
1.0,-0.5796274271303163,1.0,3.776536715196509
-0.22492406691539069,-0.18404774572317928,-0.5372836083615471,0.3074896863883387
1.0,-0.6264367980164032,-0.26052071123233267,3.1835945151757112
0.30318678805616406,-1.0,0.4779774537899415,0.5851491962825088
1.0,-1.0,0.5309996143062794,-5.941238201364476
-0.6162355552011809,1.0,-0.45327792889127827,5.078499046949048
-0.3314130410307865,1.0,-0.24855539101654323,7.490932859803935
-0.6971660680947833,0.15836546959651265,-0.12042297656183765,-1.289357472147182
0.11968314593311846,1.0,-1.0,4.665686092429267
1.0,-0.5716954158758074,-0.20118976594402116,3.3060240111502814
1.0,-0.8411513357296638,-1.0,-10.685615496871689
-0.48133529535212904,0.39161264997888656,1.0,3.4090218399676164
0.321731107752544,-1.0,-0.1607711512862251,1.1047953602517206
-0.8330978675321545,-0.7283743904524393,-0.8278356823691457,1.6010060019728236
-0.045377186290988414,0.42857446919453146,-1.0,-3.348789961675198
1.0,-0.3004399340667874,-0.7767647316979815,6.470380756587636
-0.6400847193141457,0.190783712270582,-0.6108003678135556,-0.018308334404688265
0.38114585731310013,-0.006066862858753019,-0.08552900084478043,0.6215163862462649
1.0,-1.0,-0.8081636441256037,-17.06828417254154
-0.42097444334491985,1.0,-1.0,1.1351304780750453
0.20430138952393628,-1.0,-1.0,-18.61239440546406
1.0,-0.3117282540002484,0.015176309390423803,3.7622430123592845
-0.748211217070285,-0.4203712515334419,-0.439974705688398,0.28844349217903265
-0.21173138883128484,0.7176271700061181,-1.0,-4.45601984523323
0.16626374817560197,0.09532930220219638,-0.3903648837008491,0.7251922405233023
1.0,-0.6462353629689062,0.33597696326946447,3.009663652912881
1.0,-0.3503226811134499,0.6762290907592929,6.188617400656494
0.9639921584548345,0.6516782432684352,0.0507766039341877,6.454327368135755
-0.4052841973989725,0.47482386085122585,1.0,4.280588834305522
-1.0,-0.3363874258251338,0.3300713778612243,-2.870263768145297
-1.0,0.7248261547462644,0.15343392733226802,-1.346793933033146
-1.0,-0.6716856173646952,0.25028061553728365,2.290217926241724
0.2513850927068617,1.0,1.0,11.007471418974447
1.0,0.9692221408743416,-1.0,34.33455894648497
0.01802300731647488,-1.0,0.12474668132126698,2.041592741328457
1.0,1.0,0.3102561655447591,13.482655477833713
0.18289091899965104,-0.6958304061186866,-0.5926335937450409,0.9336361340024586
0.14587841458714634,-0.044524520783237875,0.18476968179137843,1.2603045191602398
1.0,1.0,0.111245568664877,13.046588849492638
-1.0,-0.7889439894872374,-0.3222073237014538,2.2691496429654343
1.0,1.0,0.15986101934666763,13.595146532226005
-0.5348394759853818,-1.0,0.24802612475558639,2.9370872929478526
-0.8406264365800284,0.2990705574375485,-0.586919870542838,-0.17263783793344312
-0.22042495361907277,-0.6002524573873558,-0.36676286515534473,0.9282473117218215
1.0,-0.4874508772743462,-0.6250478600902452,3.92444499410645
-0.7798889510407614,-1.0,0.22525152378204427,6.737708142141963
0.7790458596731291,-0.3738202065298475,0.9824034220426434,0.2031117549017849
-0.9202857439171144,-0.6102573000411966,0.5033079293998022,2.6126472357297366
-0.4763049586876533,1.0,0.1528822971924404,5.947131619169426
0.8207269348492052,0.5201311454399646,-0.9147097606704093,2.317978903741263
0.8191845361394585,-0.08105836022853308,0.05066232098242485,1.9889424313588533
1.0,-0.31446099153844376,-0.37225288300645953,3.9581370612703974
-0.6241398348644089,-0.495777498038245,0.6467694621251048,1.3762249766432966
0.5998186521675193,0.5364508673386166,-0.08389818262150484,0.5193285514890033
-0.37961745544805625,-0.5950690296160384,0.009328730694372567,1.1909008172356605
1.0,0.8101919067431498,1.0,26.086056225414683
0.036008648507881214,-1.0,0.007248204946365355,2.156659126611842
-0.7773051829228894,-0.5314424860319389,1.0,3.789716020882843
0.19542590910047708,-0.2306997053276192,-0.8386237588073293,-0.11927182318329736
-0.7275583737506259,0.25243527705335844,-1.0,1.88549206916518
0.3879936730115494,0.4779614706179167,-0.5978728661510506,0.39922677078372293
0.4851458271885485,-0.6607629710185052,-1.0,-8.85042210855234
0.4612965698790912,-0.6676080702468725,-0.5332278033498206,1.131068640164714
0.03224899858430552,1.0,-0.25471425543291804,8.519627519626903
0.5132065509661405,-0.9167296377328094,-1.0,-16.676680532452718
-0.6093434554734909,1.0,-1.0,-0.28661700179918304
1.0,0.7887785240866148,0.775079336164838,16.87148476124279
0.24806715121808565,-0.6823835429019285,0.5814930106977214,0.18012665782262616
0.8234745605671081,-0.21297429454365568,-0.2512541912786064,1.4365095459838342
0.06414699454193706,1.0,1.0,11.226749058613567
0.20469790104083807,-1.0,-0.9442385294301776,-14.856193621693889
-1.0,0.27127384953288836,0.4313138919886268,-4.743817975574385
-0.7398448424062143,0.11218841315656092,-0.28569289216892924,-1.831945996913931
-0.03116226099088304,0.9817564347435122,0.10711937356865775,6.694317218509765
0.5782536047607065,-0.3697272388528736,0.829904796885222,0.21277148584755406
-0.5948544753553371,-0.7042689760756227,-0.24412500127921533,1.421460556673408
-0.4033070564464616,0.4461696557404533,-0.5247182167731703,-1.011493798697126
0.7586788337947148,-1.0,0.8757951570377782,-4.1256936767885
0.11703972084998493,0.8817241277789438,0.40042769351857865,3.91143292924254
-0.210902661379897,0.13346864702791894,0.5037399938181328,0.19807782678179223
0.01207358238220757,0.553286466634767,0.14135780672682285,0.06749749964095703
-0.09659221895215775,0.42384186067195095,-0.31720456459259605,0.24968229857749197
-0.27512158854727864,0.4892331159125809,-0.13807867581221545,-0.2099820232509454
0.2602486242090838,0.3062672520506149,0.2578316809841068,0.5485440595460527
0.042028252241871566,-0.36654846676634034,0.7170018727231418,0.27040240883588296
1.0,-0.7258749253200587,0.2755685579965199,2.5952386692347877
-1.0,-0.2370463511523604,0.2793542325692977,-2.732317225399413
-0.8223906294625434,0.0456179969474213,-0.01662566667130183,-2.447784185122649
0.13201175816673705,1.0,0.5344024001403689,8.155340562131439
-0.22914853092344156,-0.07610349566063146,-0.05655802410015953,0.44633604552882344
0.06834612142686458,0.13920161136874576,0.05527523099368703,0.5067550546894619
-0.005862750394344474,-1.0,-0.17778543473472408,2.1470639697050093
0.7194259612058398,-0.8369655125718143,-0.3532005888315579,1.0024471509002435
-1.0,0.8590270188951126,0.4156865926963984,-0.44910663106276205
0.5971719762521823,-1.0,-0.39864656892758754,-2.0224481387930737
0.3460229081595503,-0.6668506346773937,0.7825656487042416,-1.1219574008031126
-0.32349823352168583,0.029872078904529697,-0.5413141731747937,0.1064309691646067
0.6815814340786055,-0.9889445360920224,0.46534010144282845,-1.2960382562970711
0.08272642694545129,0.21868297912989076,1.0,0.494373717731892
-1.0,-0.4797107630273385,-0.5390074633684301,-0.836762364602722
0.8638966111502389,-1.0,0.7968637056956189,-4.220631755035061
0.21501468599536455,0.12709202788248342,-0.7149867866751298,0.48662897502741265
0.3670914323618424,1.0,-1.0,5.324997103863529
0.0662443123345764,0.37094816782506745,-0.2101436219771433,0.23946932270798138
1.0,-0.398129341905076,-0.2595918188767523,4.576907644133136
0.3519252725088797,-1.0,0.7803052622807298,-2.463535090727018
0.13922785793788672,-0.9038839850860567,0.5870194004385958,0.8451733707060318
1.0,0.03753412268934886,1.0,13.371530742162001
-0.1564217139665227,-0.39105870806820864,0.0014946446513450784,0.6327996794167655
-0.12469957137742083,0.5782986841799611,-1.0,-4.319163861946544
0.44259403634411254,0.014750203451823207,0.35665170606261865,1.1368273925461143
-0.5867693728737757,-0.31224084310216194,-0.07251769705888833,-0.6508748330442596
-0.2602800472407736,0.9893023469810014,1.0,13.865745729956261
-0.38180469802595907,0.04085162666167963,0.19387904697898994,-0.4515486174174168
-0.07328873263042568,-0.4849183730401996,0.32111778784281064,0.8823714832846219
0.7131551650167591,-0.47091475994925824,0.6910725271824245,1.2420979060331836
-0.676531922341066,0.4268230403840716,0.04041055378640013,-2.3708172444184625
-0.09131633378949777,0.08872105106365114,-1.0,-3.1791811969196972
0.5883555204795099,1.0,1.0,9.820457515806833
0.31534942287806333,-0.1260549261443369,0.3249796535205296,1.0881140911062694
-0.297418414021251,0.1276398455211898,-0.43945990476447117,-0.5398616795646313
0.35605067628975196,-0.68279120782776,-1.0,-8.93277923099277
-0.12654071117641696,-1.0,0.055059711890462326,2.7514168144408035
0.23501752517270802,-0.07580941814164333,0.29458949629884534,1.4614061183416274
-0.533020592498612,0.34785528692328094,1.0,2.6215899301447783
0.1814760292951052,-0.45298624992739756,1.0,-2.3382365610557176
0.4123678153934591,0.4202750769636612,-0.1899552633947199,0.7246335192383064
-0.15525112173861944,-0.5837122447075653,-1.0,-6.169714613814865
-0.8335820302649155,-0.12386076482656616,0.17680733332955878,-1.4513204708780703
-0.10503068474610444,-0.058732223393167526,0.31324443462669316,0.15501096471345285
-0.3943430625056952,0.35441309090558604,-0.3432304565648614,-0.5085999068624502
0.005154022874407804,0.5943572027176334,-0.20882339738665023,0.4436271173195242
-0.7170554826270548,0.04989327982862646,0.25126088776778865,-1.972005198706177
-0.2076099585452813,-0.18428014041122287,0.19541721624772457,0.21302197071202825
-0.136404002528423,0.06295162271086419,1.0,0.565251663757318
0.5628488014576654,-0.44202201686184783,-0.7297840337771346,0.8384798088321199
0.4996961029695517,-0.015491024734026304,-1.0,-2.258318052587037
0.9871415223608564,-0.6636157241806107,-0.32453129474517395,2.4894429164785565
-0.4086170313502384,0.7706834133795981,-0.20992851116544986,0.18555264316297507
-1.0,-1.0,1.0,22.108646440338454
0.21694252354909516,-1.0,0.79711501095527,-2.4301570575287554
-0.6394185078466075,0.8123926875157492,0.6561674404714386,1.4856542378551518
-0.6790202346528005,-1.0,0.7427826582497736,4.325128114919842
-1.0,-0.8391549568162693,-0.05701048335575609,4.248540450662761
0.047698646983896476,0.05547187901600492,-0.22404840489677147,1.3493101524171143
0.4114821046337245,-1.0,0.8426898745512823,-3.580193946553988
-1.0,-0.8340749799042533,-1.0,4.377274612705933
1.0,-0.6755834430585312,0.22329747235534447,3.095751833493433
-0.4778771122052037,-0.8449813944615567,-0.15075606098996364,3.458887273536835
-1.0,0.040970266928950005,-1.0,11.577610968642587
0.3178933352601996,-0.550182685237752,-1.0,-6.97458122110767
0.16280936455752704,-1.0,-1.0,-19.698554219148928
-0.3649971543018138,-0.7511268249343273,0.17396943295443212,2.0785660851797205
1.0,0.36924562363063207,-0.2545688377196629,4.535747758663086
1.0,-0.7831055800167561,0.12074842543136022,0.47671028675444727
1.0,-0.18419181367437298,-0.004316261630999296,4.643417134443936
-1.0,0.02052678480693082,0.10152056039169421,-5.280883926875569
-0.009160302529477304,-1.0,-0.4488806395968423,0.2951563946222298
0.24666863809673623,-1.0,0.5706116369041108,0.07171551327855391
-1.0,-1.0,-0.5674721857495888,5.185542982186907
0.29555925747041,0.525726385717608,-0.15451055334708896,0.5557522094457643
-1.0,0.02993744033894119,-0.16525127855575317,-4.879010997675016
0.7791643746881496,0.82209594715785,0.1075560272052496,4.526679886696239
0.08613517749362498,0.580248351070108,-0.40197934439891747,0.8542660367821748
0.4289555924475428,-0.41427165568632773,-1.0,-5.13636381453748
-0.37907328139039276,-0.49731816513612825,-0.9084021982544599,-1.0690700539071536
0.007123933231581114,-1.0,-0.9488113885107579,-13.781210515210718
-0.22719584184077335,0.3741874551550859,-1.0,-3.747418549844989
1.0,0.8279010898689023,0.3908470348536781,10.397308634678147
1.0,-0.13180275318097356,1.0,9.72746918548981
0.08792302297377041,0.8485947056492233,0.5328112939027114,3.0769694270538044
0.8768600897937808,1.0,-0.657768283991701,17.891695105831165
0.17720019409396115,0.48844693494342173,-0.9269167484777749,-1.5556339003598951
0.25474011802842345,-0.6255796128772178,0.21495284488420308,0.8335499217888371
-0.1873096992310166,-0.12392504866981446,0.28582888671149265,0.42459204285272234
0.9103326199372128,-1.0,0.6380926900067818,-4.776146454993961
-1.0,1.0,0.0001483721878223765,7.674740022833218
-0.30978400535179795,0.7306578569553857,0.43316660018917497,0.5424748196261899
-0.9669295975030734,0.17922483679716428,-0.653546056751612,1.0761624122540696
-0.8945121282729878,-0.7978841967707286,1.0,10.53879926934623
-0.357865978672526,1.0,-1.0,1.07933461937058
0.5054906437413922,1.0,-0.15621215619819506,7.968917143413878
1.0,0.8980264825944888,1.0,27.25477650031181
-0.029104365645887587,-0.474324399733169,1.0,-1.7097435038854234
-0.6457307449325498,1.0,0.9930301121639868,15.585341509539415
-0.5678884118463092,0.3241010762340568,0.31826245696577327,-1.4717309880306837
-0.7723959309905652,1.0,0.5580129595060164,2.5420237950928954
1.0,0.8003564450035625,1.0,26.753465363643585
0.8328979834813925,0.33313063321347736,0.21392343993299323,3.492497516484884
-0.7813084466868878,-0.2138918480392744,-0.34073536300620466,-0.14905740041750665
0.761172283355094,-0.04001186294786163,1.0,3.001496457743757
-0.0010797435694835933,0.6691061591713949,0.04709430143162607,0.6554857826505401
-0.32602728179394713,0.2993751355094181,-0.3619030842795976,-1.2750019675816442
1.0,0.045797682438977194,-0.06779925063226666,4.158737575681787
0.2140873345118519,0.2957906701960433,0.5261641175581799,0.993801594257171
0.8647116548571088,-0.8128880639047056,-1.0,-12.827688415710659
1.0,0.20885699928634893,-0.3317642742829938,4.221323908769472
-0.47175421101783654,-0.5371495288621806,-0.6719000543308373,0.8681005099612485
-1.0,1.0,0.00475644191289426,7.920295836966066
1.0,0.8971642229973817,1.0,25.534837168695333
-0.7029437639341822,-0.3473100310677606,-0.8689106334397101,1.859961302926498
-0.3513588830186527,0.16597824540438078,1.0,1.0807072068479426
0.669929985192365,0.6025815329568396,-0.8851107317911531,1.326207696608686
1.0,-0.2853706131193974,-0.3785849704319959,5.04374306294982
0.863664766074701,-0.0907321910229415,-0.3915700194536864,2.9893721707737972
-1.0,0.32696724673671795,0.047138553684072715,-4.611807933176235
0.1464081763058196,0.6040175374771501,0.5489177729766406,0.6952230970328181
0.6905117346176362,-1.0,-0.6178824908538536,-7.22488839687901
-0.5181844484406986,1.0,1.0,16.66353845427524
-0.7177677817643888,-0.7911973962074852,0.26747582354252564,3.313936095431639
0.744182516361745,-0.8155897475420661,0.5008813425905072,0.0689432047064703
-0.2143511762729886,-1.0,-0.9570170254221417,-12.80881429658686
1.0,0.6621135284630326,0.7438281295564113,13.9702229819751
1.0,1.0,-0.8693132751318375,32.50026831274247
-0.1892990205065943,0.07065682888932168,-0.4961483042986472,-0.48247180285404756
0.6301296152794014,0.18188809064950506,-0.23036906798395984,1.2311892044333226
-0.11741898445584953,-0.6856764127481436,-1.0,-7.5622709641648695
0.5313126967540676,-0.3554804912852243,1.0,-2.1023110021862186
-1.0,-1.0,-1.0,2.775150124377067
1.0,1.0,0.803277768430225,17.85775225905068
-0.7390110443983138,-0.9300391823882836,0.43503864957507266,5.117076913124917
0.9731256791646234,1.0,-0.23345934682570557,14.986668199072552
0.2665636438586718,-1.0,-1.0,-18.58638743789948
-0.1971315103848159,-0.16439044911323597,-1.0,-2.4551442737475324
0.7708009692200068,0.9217452539535349,-0.2112483801537901,6.719671428592642
0.41503246617492784,0.06859650014784635,0.17828424259229658,0.6672349099490412
-1.0,0.46723871072755885,-1.0,17.308894499344653
-0.07700326009791958,-1.0,-0.06465698733354186,2.204482414566025
1.0,0.9934796678158535,0.836396590614042,19.483127052874757
-0.4148932471201989,0.717620412690247,-0.3475900005630148,-0.4669630248467792
0.31285104663069463,-0.11161855699281387,-0.2164294005685059,1.4295487086971954
0.4701941259169631,0.09947630436945887,-0.689224009441709,0.9894388858574921
0.13026125631114405,-0.48958119077860274,-1.0,-6.12951150401697
-0.05687902337245698,-0.6021985177923896,1.0,-1.9974130631715319
0.2655354167061701,-0.6457911175474864,-0.7772094591414906,-1.8767512248528804
-1.0,-0.48547415390375415,-1.0,5.186240336142942
-0.3742104630017178,0.9974576594992093,0.9057842192034464,12.053842662123772
1.0,0.22756127663305725,1.0,17.24448253800555
0.27725538897656654,0.06248649108577253,0.12153754802325967,0.7277048564567461
-1.0,-1.0,-0.7439761200395192,2.688931555928811
0.11716721936380248,-1.0,1.0,-6.587428336560521
0.17428640478074775,0.7597910474488159,0.521088674697034,2.037348299819649
-0.9800774834258645,0.7143157283334955,-0.6210184422041158,3.2692911861684655
1.0,0.5920870897188899,-0.004926743090913455,7.177136595822802
0.697166547276288,0.9906184404404128,0.272512390541789,7.7534517247108985
-1.0,0.9003401547655674,0.8863651503698484,5.0184695794859895
-0.07729108486881886,0.5844160108459533,-0.45362912493494645,0.20520805787806334
1.0,-1.0,-1.0,-29.73476354344196
-0.8368375433276025,-0.6302818015469092,0.24225655294561732,2.2019534494493733
0.19582337778173153,-0.4532324027605854,-0.0684965157931734,1.0525125270287279
-0.22818514722316463,0.04621273862739006,-0.1467037703091849,-0.09768090313229408
-0.4866275465984493,-0.8377514218881397,-0.12913368672037584,3.0108254806976675
-0.6184154754320697,0.3291460383445839,-1.0,-0.17806514606142296
-0.31580974502175985,0.07648500931671642,0.6245883454409409,-0.3901899630059984
0.5738127886990498,-1.0,-0.08876799384883105,-0.9498769718867947
-0.5685252480504126,-0.9655802112028729,0.27166869709634556,3.6425768997946726
-1.0,-0.19705528423937113,-1.0,8.03853035713122
-0.5919796539953872,-1.0,-0.5018102506174917,2.045124584395993
-1.0,-0.8581560267605028,0.4580751290185261,6.970528504735122
-0.24068974752159877,-1.0,0.91149736762468,-3.855385064021472
-0.16986191215959856,-1.0,0.15028591798049296,2.279074046338654
1.0,-1.0,1.0,-8.392350144566544
0.05923126910955756,0.403602918672888,-0.6751913182199674,0.36171040214279215
1.0,-0.001003030094732571,0.8478874210356133,10.284915924387402
0.3230969078194845,1.0,-0.8114074324351688,9.888398308226039
-0.9018460792328118,-1.0,1.0,12.680005464421882
0.13524692941704686,-0.7100432598152369,0.9283467512019603,-1.8421500682760583
0.23435420693874076,-0.09296307126904302,1.0,-1.0268134453297373
-0.9404892176013457,0.6719200715745706,-1.0,12.724811262264273
1.0,-0.5341241145962614,0.36483598613409574,3.7256739026476557
0.8177123043012084,0.2965502068433119,0.08349075009634488,2.7196917735364794
1.0,-0.047085133497366316,-1.0,8.854474785768552
-0.9518009173855881,-0.1592195399267029,-0.8969280272007794,4.1336513311951695
-0.7209569388012131,0.999179266116027,0.5905337657069436,3.8801045848454545
1.0,-0.6950466168127905,-0.4563011459726636,3.1679179727033127
-1.0,-0.49805706598534627,0.6137158188024765,1.556862127853775
-0.3346759327105113,0.509650581363063,-0.34139429752503436,-0.44986058458772765
0.3062835794086691,-1.0,-0.6098392865811082,-2.4182016955822636
-0.5313724204447487,-0.12661030624086855,0.6216614020784421,0.4272356354049611
1.0,-1.0,-0.7207384080771575,-14.770618699335092
-0.05463242960560466,1.0,1.0,13.414634873055642
0.34098893251984763,0.30671837291590265,0.02566208029591799,1.1423899157026165
0.05874954014135203,-1.0,-0.08454524763075888,2.639251104694701
0.48717862653876276,0.518428807085703,-0.43146213863027727,1.3366784885179055
0.9188526002398851,1.0,-1.0,27.50006837482793
-0.37779257708102554,0.33243250305230587,0.3855682447093072,-1.1786918182151498
1.0,0.6790830167800272,-0.9150385213886683,13.16863745553283
0.04051318486781064,1.0,-0.08419991796464976,8.404123545421669
-0.39011156068973807,-0.35155702449147586,0.4260652323806673,0.4213183614363034
0.16208287426406653,-1.0,0.9871211629655441,-7.011815902989115
-1.0,-0.4693116673398181,-0.006628033854633397,-1.5917030479698089
-1.0,-1.0,-0.85073752681993,3.0860121389695006
1.0,0.07915504043747945,0.1686810233334881,5.837020329572842
0.878925240290992,-0.6271900713660896,-0.03858852141493685,0.8575717074089612
0.9045911590672786,-0.8573582456592466,0.08135519621420606,-0.6136939653554462
0.35897792893539204,1.0,-0.8098871573343647,10.311925767549061
1.0,0.6711474900826944,0.7677301701189359,15.355494939110772
1.0,-0.4926514953953247,0.5224907437486557,4.664551961645366
-0.7104936036767433,0.595768906014621,0.23816313485956964,-3.1192288115718867
-1.0,-0.9339748423988248,0.6423164064051392,12.13626397991146
1.0,-0.2392184087202296,-0.1924658162095434,4.166381774797561
0.057616512555554555,-0.1366801558056261,-0.8462807382957507,-1.096874704251729
1.0,-0.3419015886823018,0.051499604680123046,4.284354750459983
0.2813339510211357,-1.0,0.5368446044354653,0.7549941156656229
-0.31314500912836873,0.8975767772958514,-0.40162142827317004,3.216008887964915
-0.8370293789735745,0.12035443610024377,1.0,2.2369152070547162
0.6218878092454048,-0.9891337694745062,0.6142245793579919,-1.878077820155053
0.3158032930855841,-0.48653943710328407,-1.0,-6.247080376121503
1.0,0.8555757389756569,1.0,27.16040885222201
-1.0,0.5054137072831757,0.003971698356437736,-2.6486451853309454
0.26560222912664866,-1.0,0.43277304844598263,0.7314975408020961
1.0,1.0,0.9864943161955231,25.7367029939923
0.43564271105795616,-1.0,1.0,-6.783384315199031
-0.4651004748365899,0.13388765690851212,-0.9010400331660644,0.5524169444272393
-0.750650685337493,0.17096026919548435,0.9974508117351244,2.2226223043362507
1.0,-0.40967850601601263,-0.49530787862483794,4.218897761235559
0.2850932794404153,0.05754234536895697,-1.0,-2.8801718356905415
0.28066997294554485,-0.054554656587425976,0.8291853695305653,-0.52392622511138
0.24006589406981838,-0.6194472050650313,0.6325710217470397,0.794979569032363
-1.0,0.3807756251963257,1.0,3.8293779847504674
-0.9146404430612964,-0.6150225488735115,-0.44515471664635387,1.9279364737964226
-1.0,1.0,0.28991543410973963,4.177302625657661
1.0,0.47172254763019716,-0.2807932199035339,4.998061569904241
-0.9555189829920656,0.5601657832757183,0.47379522358648507,-4.202448285777787
1.0,0.6350280752941442,-0.5972803276074505,6.745754434896182
0.8768948706134734,-0.4144089698554516,-1.0,-2.565330848227922
-0.8988545246569599,-0.274995816680655,-0.9156749715024781,3.9071816517843847
-0.7111073798636374,0.11680450491774308,0.11966503245982696,-1.6393581713967975
1.0,-0.9818067342590078,1.0,-8.425611215929207
-0.08561460110595731,0.7991746629964249,1.0,8.12814948492938
-0.6479069436708442,-1.0,0.879697121889301,2.2804930927971454
0.49228594806589365,1.0,-0.5122212076209309,11.267233746157315
1.0,0.4726599883796274,1.0,22.319442589617033
-0.44311431832887793,-0.6745666066750122,0.39831585398934477,0.8088555745880832
-0.9070327908124489,0.30897298721974353,1.0,3.235754440827799
0.07957830308507274,0.17475271854614216,0.3537792458575819,0.01004791268930827
-0.0231448185299461,1.0,1.0,12.9291203759516
-0.377544646354258,0.33230353702523097,-0.6902680381099908,-1.5212080565588029
-1.0,0.0671217905696131,-0.4632565272827369,-1.766407687272349
-0.09324216717114409,0.6516894155943938,0.7901470458385098,1.719124106813103
-0.6211929419791717,0.32764863119697063,-0.8932209895393672,0.34577691002515454
-0.9440221213217528,0.5878670773014469,-0.6611737548276628,2.434550888655384
-0.2750605575606382,1.0,0.46402198466544253,7.0363121100546815
-0.5301947723189384,0.9899870518655973,0.9740107631661967,14.486412412855438
-1.0,-0.2264502758290141,1.0,4.82923675749243
0.014462985913855864,0.12400593894232759,-0.7926428265290206,-0.6521935526886805
-0.6226817902210944,-1.0,0.8398113364697011,2.0367271034065073
-0.626360506270458,-0.02360680755095923,0.9181246852228782,1.0029330171588353
-1.0,-0.9451897034520249,-1.0,3.609391864920573
-0.9285180563778492,0.4832322478965658,-0.21192069694064064,-2.5129524895392232
-0.935571447032024,-0.07590102794312248,1.0,3.130734346947628
0.6158500417967565,-0.9292002688077727,0.412988638152628,-0.487525039617821
0.496369207811322,1.0,-0.398684946470256,10.276564816742962
0.6771134625608388,-1.0,0.926449221874984,-5.128390660951861
-0.40557996580540023,0.13104959053136112,0.20397192622419458,-0.22758427477530252
1.0,0.6266300643310114,-0.6561259887795319,6.983100771042149
0.02926129914508402,0.007128529410696416,0.15089451739564952,0.7034246421427293
-0.4152766296237511,-0.887529546473081,-0.12120831890547334,2.2024287599652244
0.17216008362231028,-0.6428762713147318,-0.5477591319057256,0.9310112745911623
-0.542265027818865,-0.8413803238808379,-0.11060838627006464,3.268868876518424
-0.30534201835276154,1.0,0.8490439171983801,10.859539339124671
1.0,-1.0,-1.0,-30.23366048625987
-1.0,0.0937712206906185,1.0,2.5214788006637447
-1.0,-0.48066229394858206,0.812143191410698,3.721383014993301
-0.18168769265813367,1.0,-0.061888079891252445,7.647182644294992
-0.25780064834333194,-0.40541422461915855,1.0,0.07370000966190884
0.03794760715246115,0.35818233857684456,-1.0,-3.4166314933692052
1.0,1.0,-0.2348608854644838,16.367959371041586
1.0,0.09061101007937356,-0.2677147543589591,5.0344374250576625
-0.06708929171015687,-0.28013941147667887,-1.0,-4.200185973605968
-1.0,0.29517074118499753,-0.04032045101900761,-4.128124657684514
-0.5152597831686172,-0.7656338516111565,0.6799033129617651,1.4423657408997304
-0.5963474201474548,-0.8623899314010415,-0.5930839215755075,2.072120727457688
0.42182410942412174,-0.7156444922326215,-0.15363773070789866,0.9100265135204857
0.3922615263063449,0.14730570493509432,-0.21800727143224985,1.401396477572201
-1.0,0.1131903822556688,-0.4130009984140046,-2.182721516677409
-0.6077810339421768,1.0,0.6597450675525434,5.662722363580365
0.17105195991652788,-0.08548091983836881,-0.39541208758444335,0.794621716645489
0.7863723082523342,0.5918762779693325,1.0,10.669456782297381
0.5930081626082713,-0.5599376679134442,0.44427127602078875,1.0868951566816587
-0.3604871031376595,0.10365808279372879,-1.0,-2.5523047851919065
0.35925444261297557,-0.7125277739212994,0.2803617328366095,-0.15850613294122984
1.0,-1.0,-0.8091172447530111,-17.46207773863166
-1.0,-0.12005243260945409,-1.0,8.935828709235885
0.7182611380676502,-0.7732148950750748,0.290562140494419,0.8172533275957542
-0.39273979585094687,-0.3633698877228264,0.15512615890768977,0.17728193640702783
-0.5449332312829891,-0.787252078410924,-0.0661447401773243,2.3726294788299604
-0.8369293059674423,1.0,0.11743751394666857,3.342906313109563
0.23857211723528882,0.5363396124424693,0.06002811609313574,0.14252326170361174
-0.4676591871598217,0.8619860776796591,0.08100329521422522,0.9231951856294554
0.42641243110625626,1.0,0.2115216735725729,6.869133090225073
-0.2867584359252593,1.0,0.4349038690115532,7.357521076658723
-0.28532208771925704,0.4073360627096072,-0.8181397385240163,-1.7972758465470542
-0.14213931335837393,0.5660945693735717,1.0,4.4058132291659735
0.711318342304716,0.7973222248324612,-1.0,0.8147647540483508
1.0,-1.0,0.45181908826528816,-7.4452288272442
0.7966483947173966,-0.5264138777563683,0.09976361534115541,1.44163558005556
-0.40044507026494647,0.015537983930097976,-0.0836346807752073,-0.58063555886228
-0.9394631194680974,1.0,-1.0,14.505986967969164
0.6515919924704816,0.39348532306401607,-0.07151341598622185,1.982172312906278
0.09252799784441201,0.6371776095294339,0.4326301275189923,0.9278872683526705
0.15981521045138014,0.20774443282697574,1.0,1.37772154371086
-0.8076191284360563,-0.08268405568076842,0.45112778598425085,-1.6167119706137472
0.7269397005899421,1.0,0.42278253573501634,7.214320812200588
0.2795689909625587,-0.6856706345769634,0.5881489181356492,0.4954637987810982
0.19744254816883733,0.4077043127802866,-0.8092671411879946,-0.09073388864957384
0.06998950760988998,1.0,-0.19738392516772896,9.022670959622536
0.6960078756273747,-0.7365429299836055,0.46300191607691743,0.7752527938864074
-1.0,-0.011910883035712416,-0.06867919900563568,-4.379808892813958
-0.7538745285137955,0.4138790515942792,-0.8188069077721463,-0.05869724318294564
0.5918167422193448,-1.0,0.7915366927043557,-2.8675570752621216
0.7647761050930206,0.45888434005964407,7.122959582828159e-05,2.866954766256735
0.7648946535192642,-0.09038554647638364,-1.0,-1.209713055732559
1.0,1.0,1.0,26.375485468997045
-0.19540814354592673,-0.6071499356019809,0.7055154298566164,-0.4122610833617849
1.0,-0.38120726343013445,-0.8174579471339043,6.849845049044513
-1.0,1.0,0.15465827248453978,5.893027462050011
0.19945709399096656,-0.050531405051231104,0.16903645577686244,0.9991556914586681
0.4791800364476386,-0.6169390127079286,0.28667823186755204,0.4394475098798145
0.5194220751201852,0.21506729627968735,1.0,1.550955925231016
-0.18091502149376892,1.0,-0.2979857287122283,7.055675263625883
-0.49354008179957165,-0.09321705402184488,0.33360655616166657,0.11778230498833431
1.0,-0.990941666511048,0.1515164660896322,-6.373323839089314
-1.0,-0.5417398837607985,0.7020207960579421,2.731480968741121
-0.6565715591311889,0.9493270337030237,-0.3333735929796362,2.2227169223285586
1.0,-0.4726261099336324,0.5582978717272844,4.600703414508191
0.1459017780907157,-0.7299470082602058,0.898932803811848,-2.040132746102048
0.47540323041647525,0.34837752195232596,-1.0,-2.8003860201918958
0.2748206885734459,0.21346149485771004,-0.33886494983428106,0.1766496137552478
0.3489626272736335,-0.4278015309280687,-0.296484454845257,1.0785646581751542
-0.9635024352559463,1.0,0.05844730453582181,6.0220469917286215
0.8968841896517794,1.0,-0.7569611173158755,20.600124012213243
0.45446239159148005,0.3764154671571276,-1.0,-2.390865275085664
1.0,0.4810700218424353,-0.4522253495350381,4.763992715180126
0.4102899945449876,-0.6530571054801428,0.15065806201686338,0.8979517502916827
-0.28149827126856586,0.731247648996006,-0.9111103372106426,-3.302252735189951
0.14197853452821785,0.315080002109537,0.4884659772475408,-0.06740760784139488
0.009472710483460878,0.28796306807245475,-0.18835447487306234,0.43046753598731224
-0.011328995131421049,-0.31478585981809903,-0.2161677418907899,0.5720814780760534
-0.14212810031889656,0.025180979345693633,-1.0,-3.2009218845833693
0.568646618211029,0.4567853802484436,0.18634820896470528,1.3305218067719236
1.0,0.8195128771066764,1.0,26.95806941310933
1.0,0.5442784834920671,-0.9178378685811364,11.248591790982427
-1.0,-0.05255016863764905,-0.796631554157982,2.7978833613478833
1.0,-0.8139530443066869,0.64807418843869,1.4934778242138078
0.14819981156550432,-0.6815245387888131,0.907370979780632,-1.4718008896323278
0.2004185593565666,0.4150809735938319,1.0,2.2633319225135264
1.0,0.31212808665808667,-0.5914497938101582,6.2453638402892455
0.13131792959932698,-1.0,-0.6176511090335932,-2.4120900748098877
0.5630485936685881,-0.6490991471728493,-0.35743514525942954,1.6688174342016127
-0.3049719482175084,-0.3357847848517348,-0.25741145581429414,0.37739697989418014
-0.38385930351589015,-0.4119628816018963,-1.0,-2.3211905611189154
0.3593292065823568,0.6451310508634451,1.0,4.85286598247978
1.0,-0.008890091649899512,-1.0,7.420530141769246
0.011675195602944388,0.19804870501591365,1.0,1.4136959724964449
-0.14442994385549146,0.2730663716357593,-1.0,-3.4975828819196213
0.3476652294703195,-0.2859642707263108,0.9264675124059982,-1.3442461946950777
-0.5446943671457063,1.0,-0.2698416449450709,5.074083140015845
0.202276372576776,1.0,0.49574443092884257,8.83892714005316
-1.0,1.0,0.5178025975765379,1.3002395782715659
0.23210884903411877,-1.0,0.7428557418730686,-1.4719401726958101
0.2581354582125819,-1.0,0.05300485645396957,1.3114372344215197
0.8386018599642724,1.0,-0.3095805000508789,11.450126397043888
-1.0,1.0,-0.5707676403635777,12.680629727474464
-0.11904823418413568,1.0,-0.7900966471848119,8.17476604445238
-0.06497931808331114,1.0,1.0,12.586181798804029
-1.0,-1.0,-0.2962301278715389,5.74309098098945
0.05577630688408197,0.45047501972482085,-1.0,-2.8851166937877943
-0.12233203248503743,0.8644843152849229,0.30296716651510036,3.0892934342423937
-0.33071161861713705,-0.3300111265706276,0.3364664871191285,0.3157324945254062
0.2653412259347301,-0.33974098686390186,-0.1749264700651434,2.363020711931041
-0.22916348672566023,-0.27839119253319433,0.750383913311347,-0.4590113246374506
0.044055096940089467,0.47137407471560633,1.0,3.658238503385114
-0.23650229313135296,-0.6110273291191388,0.5762626647416422,0.25700731960801787
-0.6186223297564839,0.1301776317833454,-0.10424341542810489,-1.695553799500067
1.0,-0.9135298824453055,0.19180543418941798,-2.5946133959620736
-0.5888640928741926,-0.4563315453706722,0.7167098650893959,1.5167315244547233
0.10050801862815106,-0.22325432984186167,0.8371349643301378,-0.19500719245946532
-0.6771984099208772,-0.9731675583096326,0.39595673498282236,4.830800887409221
1.0,-0.7984168765970032,0.7737902569768069,1.938394573455992
-1.0,0.007420163198557983,1.0,3.658289151525074
0.3365693869940585,-0.5674375048096867,0.32150570000331835,0.3079719315751822
-0.6225814177236353,-0.3599087915388903,-0.477571833349419,0.4123227481779797
1.0,-0.3895121218774873,-1.0,3.8182210760501913
-0.3870782720754482,-0.623910433617622,-0.5473736808598302,0.22374873862650702
0.16937077148815605,-0.15555553933523059,1.0,-0.5473284012504549
-0.48670858902751024,0.4705234954032045,-0.8020887882460006,-1.675231679611772
-0.5995060213974539,-0.8816288150201781,-0.6090828474397625,1.8084842290645353
1.0,-1.0,0.739343259793672,-6.970735182921596
1.0,-0.07046070987323305,0.5301179689512547,6.3597010578857365
-0.9771897195871038,-0.38247142808263135,-0.9140150658683242,4.086415772628914
-0.4821193183283907,-1.0,-0.8543115360781339,-6.2178451351463675
0.8209799150290809,0.7736106307531103,0.14394401934461198,3.4869761563046495
1.0,0.8046236162146632,-0.47147783244377006,8.489523653995873
0.2016814392723416,0.17024226375739104,-0.27038050196338315,0.1333842284885438
0.448295074724121,0.29186516217077374,0.6443687424004607,1.3448097946019701
-0.08920282040122673,-0.4440830649308609,-0.11782565965131053,0.5722613129397536
0.5378572169710325,-0.09674249941276236,-0.7722445611867428,0.1608192340748762
1.0,-0.5224821991777115,1.0,4.368811504319689
-0.7586946769223024,1.0,-0.47771099064459777,5.559300459631549
0.10524089513399448,0.9909250836036565,0.6926938654565957,8.231951250816621
-0.9246127979581353,-0.8449074551884468,0.038236013033772,5.008147345316115
-0.8377163993290675,-0.3582651053004666,-0.5609768179703507,1.01557892297355
-0.38932577109155586,0.7878576854772181,0.4315622452438945,0.5396581964702605
-0.11442128368707527,1.0,-0.7020640820702844,7.661836949173776
1.0,0.18326269941069162,-0.0927428830820316,5.575335914757473
-0.3338696193232147,-0.43833803586465314,-1.0,-4.313026783952331
0.03079493096539898,0.8336666326515019,-0.8777913444292267,1.2517883190297705
0.4144483649576378,0.5839652821009855,0.2814567057201709,1.3277546426848605
-0.5192347876001822,0.9319831776826051,0.08165789286020875,2.1947225783947606
0.14535592421358268,-1.0,-0.6087139602139158,-2.6515049959866097
0.14087281992360157,1.0,0.8231472802563768,9.467703329363296
-0.0672948513297631,0.5351917022258781,-1.0,-4.100064297355626
-0.6861336027525546,-0.037397419192050085,0.9565728531546116,1.4702568227233523
1.0,-0.23201704524557454,0.1183593607158342,4.40993577472003
-0.006359771305940676,-0.12303817416563168,-1.0,-2.946817116828624
1.0,-0.5318069183584635,0.1630525890759409,3.840792653639731
0.19716391016331136,-0.7439155508392825,0.3259772674657282,0.7080846409027568
0.09923207817091662,1.0,0.5801080858499845,8.27274938772306
-1.0,0.7197945954385787,-1.0,19.8612322111668
-0.5832148265467767,-0.5478695977225212,-0.20369216399499956,1.5143524204912822
0.9147666546199451,1.0,-0.03660553620559304,11.57794537451947
1.0,-1.0,0.03714711310427954,-7.342066876117189
-0.11243989259559606,-0.008519773090819083,1.0,0.6808524491248378
0.04804729472980784,0.577268679227191,-0.059500690475571716,1.059514885313952
-1.0,0.28772016626960717,-0.1769291879683652,-3.108015276348058
-0.40377492232284307,0.016607014648628127,1.0,0.15862960407192372
-0.8633424153922196,-0.6819050930885027,-0.7419597694956457,1.8963748438978216
-0.7996198155500136,-0.15435828488668912,-1.0,3.7717174995429006
0.24105643470264715,-0.48600300200730295,-0.2986862919686122,1.5229258151226046
-1.0,0.7356523100428929,-0.5766034547760337,4.309346281933633
-0.059249729206253265,0.44455302471017366,1.0,2.667197608400193
0.4189883348648469,-0.6135462171455901,-0.9297069925608845,-3.7370031515737168
-0.27272350405965895,-0.9877001804017982,-1.0,-14.404376816078383
-0.9867454716234556,-0.1682700075847381,-1.0,8.620745531791114
1.0,-1.0,0.14818368363395296,-8.042760137810598
-0.161976360474535,-0.5537038859966537,0.29388102332017163,0.9278722157709977
-0.6950543874753792,0.49816749972314867,-0.5915577508608985,-2.23627604135501
0.8774261236757659,1.0,-0.3379438660374847,12.491983466844307
-0.17636264035801785,0.5324871863523823,0.7943121282702164,1.572874433468741
0.023037056671453282,-1.0,0.46020172732937614,1.5186615428687418
1.0,-0.9249142315737404,-1.0,-17.710861098974608
-1.0,1.0,-0.8493876569684693,15.685507671514664
-0.7098380158239643,-0.3337179776383352,0.08913091480611768,0.3518565746021603
0.06755594285363875,0.0738412991251951,-1.0,-2.7876443786448424
1.0,0.23962273615021612,0.748570963022404,10.443815323605843
0.7374419338381248,1.0,0.1737821308724552,7.8257876646962306
1.0,0.6733316029178988,-0.02327625659899879,6.966399276544605
-0.7823778093356464,0.06677735700058585,-0.3058615107883038,-0.9608491213924208
0.9196799915252447,-0.7593133833548391,1.0,-1.3573594649052203
0.4145392491253994,-0.36207537167935744,-0.22409389690459092,1.5885645981876177
-1.0,1.0,0.22881247878014155,3.9787323044929903
0.1743934341924409,0.32716434602251443,1.0,2.784120712188769
1.0,-0.3045004777434652,0.5991968298891219,5.61774161803299
-1.0,0.9896176364971017,0.9428857446135017,11.179527689198407
0.6478522589642253,-0.26295417469011695,-0.03509278027677998,0.6634156493636845
0.5105274366398032,-0.13246079759308094,-0.6095715963654003,1.1195392164231732
-1.0,0.18451950182392896,0.2837599102218362,-4.619197017687327
-0.3966205327500172,0.01061401603894252,-0.7467652070165305,0.6344357230567359
-0.7288686097250663,0.9408778931991528,-1.0,0.547484651330761
0.10355775765474551,-0.24798709887310033,0.01991088677980435,1.0644382956081644
0.7542407732726648,-0.6288653046635408,-1.0,-8.198129653442326
0.9560236127639499,0.050421375027355,0.2903024415600004,6.097495804674002
-0.07992285490024398,-0.048448305645603096,1.0,0.916749352595183
0.3897759050436709,-0.8535359525517603,-1.0,-12.737833100260755
0.5532748255191213,0.49223461421424997,-1.0,-2.3508411318478846
-1.0,1.0,0.07638933516346458,5.940818264683619
1.0,0.31157002076059714,0.27460076739143213,6.880637792776154
0.782841233443315,-1.0,1.0,-7.435202467909787
-1.0,-1.0,0.5187851667032775,13.37167640007411
0.41726576864845266,0.2768977980677718,0.2978647590986885,0.9891459122476558
0.3109825760668399,0.36474973766404517,-0.1427772587835685,1.3852181419988923
0.03313982034617857,1.0,0.4251660849046839,7.801339526549662
-0.6948107214793693,-0.8408499414982722,-0.7585870921023734,0.48476385072427897
-1.0,0.32511038598208386,0.6921516561724406,-4.66672435876374
-1.0,-0.13828087972818515,0.300861021636337,-4.100412984486846
-0.5710273102805983,0.5615723560163042,-0.255565814834932,-1.8641667848534331
0.05134840236648075,-0.7614980088931358,0.7278407506213058,-1.354187205265198
-0.17437615901135906,1.0,-0.14158759104068452,8.41087927707392
-0.5212468408556108,0.619183603060645,0.324390708584152,-0.9686123120857935
-0.6113686397094009,-0.5862036586990784,0.8243902639483025,2.5675718527811373
-1.0,-0.6912794738528631,-0.6582543571319406,1.2015795015778958
-1.0,0.19847126896627465,0.7665057425329822,-2.5507860856183635
-0.2058489534146899,1.0,-1.0,2.6337524671107726
-1.0,0.3179874857091587,0.18471920755756122,-5.478264927213837
-0.2120537881161193,-0.12789700452991926,-0.23196340772335944,0.5069924582673649
-0.5035702543728227,-1.0,-0.6602051152349147,-1.1825580046483872
-0.49159905139858284,0.8692319229454126,0.44204821474168043,1.6100939113016877
0.8265260896282389,0.18359107763843907,0.09764334159445354,2.9751248820467855
-0.5902604183331901,0.2734525058612649,-0.5264304183404669,-0.768360998014142
-1.0,0.2599246007050189,-0.7041110593732074,1.4318958573057778
1.0,-0.637573774593601,1.0,2.3728917242526344
-1.0,0.8026401306567219,0.997633907804893,11.003861447043453
-0.9502757478041344,-0.26701918134925684,-0.658534588031296,-0.28170353297558237
0.4945846185308851,-0.06479101943561627,0.4407728393856096,1.6455699603358773
0.6056520346737011,0.7156847682816829,-0.14097446475959075,1.6513361389371315
1.0,-1.0,-0.5840337145226633,-12.060349313611479
-0.14107754843654208,0.030968327415194397,-0.8952017573516511,-0.9577403125936677
0.04180673701712201,-1.0,1.0,-6.045290225923
1.0,-0.21981616397286685,1.0,8.730163761198938
-0.7192923364520676,-0.23487268193607225,-1.0,2.6926626300161636
-0.021934956191175026,0.07862428351380446,0.4687132357438424,0.29497754152575967
-0.0309467559306551,-0.37802435101145937,-0.36076129841892013,0.550915333190802
-0.8628984578152223,0.34315182468058314,-0.9197695520788016,4.432800374395563
-0.2592053522953104,-0.9733582368669387,-0.3221395313719084,2.5001638394914107
0.4081634867943189,-0.9471835838831735,-0.5313009528736454,-1.2873044566478393
1.0,-0.5102063861640576,-0.2216441573777772,3.3855760825534364
0.11903996500996739,1.0,0.7389866382723886,9.60830867703153
1.0,-0.7004737513542161,1.0,1.0638880384488316
-1.0,-0.6769141888418075,0.42515752809326113,3.433146679303467
-0.6345932750122765,-0.2517348586666752,-1.0,0.6685652308727289
-0.40887698054542776,0.0570968183255931,0.5929374199154789,-0.3458623486511827
0.46631881038581335,1.0,-0.3266277498900423,10.161491104296553
-0.4784922069596691,-1.0,-0.20816403962951302,4.075076274061532
0.8098838993651254,-1.0,1.0,-7.490156860052467
0.09305860401908816,0.4405959358486735,0.28494188763391715,0.3779826804690903
-0.02539757417160282,0.6608681477924196,-0.19163894527418335,0.10244892352139146
-0.8432334809916224,-0.030816320744790238,1.0,2.5462573072380206
-0.3019575424442056,1.0,-0.594810601308166,7.712932374803422
1.0,-0.11970555670838112,1.0,10.58143710704691
-1.0,0.0333476320860262,-1.0,10.953491636919628
-0.1948150555724546,-0.439414564608563,-1.0,-4.078431933002793
-0.09029777119780191,1.0,0.7915101666607838,9.0574215550304
-0.7571913257954148,0.009318554993574368,0.7275984679475027,-0.4838321825043489
-0.9442477364450843,1.0,0.19793023195668535,4.148885535809633
-0.15279523955305807,0.17058044564634134,1.0,0.41432636091332964
0.4672269696015341,1.0,-0.5063094623486413,11.15404540884596
-1.0,1.0,-0.8792494429484181,16.5230843336432
1.0,-0.06365174143185848,-0.06677131550498738,4.406855279968922
-1.0,-1.0,-0.44538761490816614,5.550493034611085
0.6679320067816552,1.0,-1.0,10.953534861099033
-0.014564549788615988,-1.0,-0.8667616684112134,-9.220948288658947
0.027355215628710683,-0.11424464263677714,-0.013138787343569325,1.4403686620023974
0.7751732882037268,0.17937339169874966,-0.5149849334144507,1.8342450857876056
0.47175246768555534,-1.0,-0.0797094552882629,0.5863530579501035
0.9813990778760444,0.15179074380891322,-0.15404809043422918,3.870666085713495
0.28790684043798653,1.0,-0.9389220458134662,7.090300692354247
0.07556925138648984,0.2129235587602385,-0.28320426574936075,0.9489955274898301
0.7109206374102099,-0.41171295254856655,-0.4193953648138071,1.6396180117025811
-0.600390951468599,0.7112670706387152,0.6860105176257372,-0.33787305403958956
-0.18189744884297143,-0.6271008485527991,0.4019249658687567,0.563078003146013
1.0,0.26891782720343005,0.5029478676301014,7.658923701412202
1.0,0.1435589879655368,0.22258142263676195,4.762988799555807
-0.8559773310189804,0.08174992416587346,0.7377158777975514,-1.9482316867037297
-0.045023231470652236,0.45418231352983907,-0.6975221965186837,-0.8269742918432775
0.40146316613311805,0.9443951228754388,1.0,8.598098591812748
0.9969647599380635,0.7490089439840699,0.1257299099067879,8.75397392234088
0.22477169742142267,-0.06714713497465019,-1.0,-3.5089808852468267
-1.0,0.21018933832658804,-0.19448754561615367,-4.000217324900465
1.0,-1.0,-0.9610455995703047,-26.603823005942328
1.0,0.30737042007908655,-1.0,10.902734905983927
-0.6785098903190996,0.04568506722879029,-0.2876420062443943,-1.1809041110756908
0.3308812374092225,0.2691849953812391,0.9826616903836565,1.4793599485396376
-1.0,0.6984523867882801,-1.0,19.665538404971908
-0.4138577755921491,0.8939830189464724,1.0,11.920578229903526
-0.48961487032142625,-0.39390151170943355,0.6041923156524176,0.31183183442580653
0.3445313753147754,-0.4432184961646166,-0.014017052263484375,1.7033162945228537
-0.28855227331665434,-0.13510486533482324,0.806927983418555,0.26854662407023633
-0.5205197266006154,-0.06585435923870553,0.22529929642616664,-0.6623777832198644
-0.5082594963084881,0.21960219225152988,-0.6916728580166687,-0.5083975403468931
-0.25904363555689414,-1.0,1.0,-5.795283151162334
1.0,-0.9196310237045209,-0.4607257958013784,-4.09871119672883
-1.0,0.0011980843647680928,0.6653656330915867,-3.7669835740597892
0.221223310417896,-0.30428404477802573,0.8638188392931601,-1.1444369022562326
0.4082909756645381,-0.008665820709687466,1.0,0.3111437444977241
1.0,-0.22746457827831423,0.19470470645686055,4.866378653258369
-0.07658394384195288,0.0001769649346274882,-1.0,-2.7017746932573865
-0.38523422301264687,-0.6598310759093875,-0.3881957146262942,1.8627549395639773
0.09932096932670587,0.7570693605035965,1.0,6.703129022337385
0.11737327191598546,-0.8334671158227189,-0.6364788980183662,-0.9679799114675876
-0.5515379805055347,0.8599816591557647,-0.7415536822082984,-0.7006354080186636
0.28831212431590303,-1.0,0.4320057408187197,0.916673719054047
-0.29278633257732745,0.2724597499311492,-0.805173696637955,-1.272686632618414
1.0,-0.7596197386843244,0.9302378056321379,2.033885923914845
1.0,-1.0,-0.6149659794386879,-13.235481224635961
-0.6484664193109277,-0.49126285116113366,-0.11701656191330345,0.9281673806578604
-0.942422063047474,-0.6974161765236115,0.7950353991636634,7.089708183280431
-0.2879995996249214,-0.16677703708453828,-0.3176429584026186,1.1157014689768345
-0.8652038583105515,-0.7395996510825407,-0.7801340856116548,2.3642548810957904
-0.18834129513557207,1.0,0.2798986706450035,7.564604164322513
0.3998671062854222,-1.0,0.3464876686425524,0.8043342814180635
-0.6597541336472121,-0.9118582699964621,-1.0,-5.117178131963273
-0.361848326518142,-0.5442887252057786,-1.0,-4.043206911951955
-0.6751065865312647,0.3988580326558566,-0.07335508048716677,-2.92348052805537
1.0,0.6790772820725439,-0.4256115797160558,6.545094461646961
1.0,0.24210980309559993,1.0,17.55478221774343
0.006595364282398375,0.8645780489689492,1.0,9.498266533671611
0.4410015047170752,-1.0,0.10092324398528829,0.6098572611596331
-1.0,-1.0,-0.005409534754450496,7.2488297101614165
-0.5597380310097471,-0.638267871342368,0.007253582378133894,0.9324450338360003
0.482054157116512,-0.4601355369604321,-0.7168932876484511,1.0794403233058016
-0.30154657168610033,1.0,-0.7060478833626418,6.52171262775276
-0.6036671845831054,-0.5452088336268981,0.3132079413975859,0.7191452543263749
0.5229281128862941,1.0,-0.8530225183685063,12.04348343703776
0.6327024259391782,0.05249348736749315,-0.2299511069791882,2.2899986213296355
-0.0641388612119218,-0.4775036331022744,0.1606428833938529,0.7745773780638887
0.9816481826416934,0.20374277870065716,0.4708132615504268,6.6943054673634235
-0.12277861993990302,-0.7278909091707846,0.7703328565914291,-0.6831364425664577
-0.5703127856341308,0.15470366649456357,1.0,2.51361636440903
0.19833706172716137,0.9522648410278634,1.0,9.612921593845371
0.28269309504417905,-0.1485599404014033,-0.5538626208498005,1.542058772931699
0.6038129817584497,-0.744039374837342,0.5812724428148188,-0.16097811110813465
-0.2854421475444344,0.20821981794436528,1.0,1.9006358449071377
0.6343582078285153,-0.7286775027210233,0.15996066456988167,1.216018338120165
-0.7257328408485928,0.38115408843118725,0.8038471779850698,-0.4063814865050146
-0.8403843105394302,0.8047129392251475,1.0,10.630813308499222
-0.35935528817665685,0.13475055273654246,0.14789920216624775,-0.5821165833109587
-0.6323122366226943,-0.10611615078388903,-0.3116771120578281,-0.7994745097117366
-0.10494354643173964,1.0,1.0,12.999156902630636
0.4970629902295953,-0.17598385932367222,0.9529150330034519,-1.6653085381978396
-0.37250208270861296,0.3850627070808055,0.3787746315609948,-0.2834176093778652
-1.0,-1.0,0.6218536746117187,15.368903853492252
-1.0,-1.0,-0.5524396607697697,5.360497901788301
1.0,-1.0,-0.9911650496223123,-28.7922836874813
-1.0,-0.7490997832115187,-1.0,5.876811736974155
-0.6195674749541649,-1.0,-0.01081156958076468,6.005926360536488
-1.0,0.5884307101400024,-0.2973029575886059,-0.7613548412171104
-0.4379622637887022,0.2875467075964817,-1.0,-2.559471640286226
0.3948691564920981,1.0,-1.0,6.711252332396561
-0.5452062462084326,-0.8669216751875801,1.0,1.4990795429886385
0.4742724072688478,-0.6582371112682905,-0.14170291896567488,0.9375048045523671
-0.9696834506736371,1.0,0.6755913759118701,1.5083434799069388
-0.5663606885340704,0.5893771557343148,0.08305049880531623,-1.645167522440647
-0.21558527830439966,-0.25220896391515457,1.0,-0.3471453243098774
0.06314751579440325,1.0,0.3842804588873978,7.039349369298183
-0.6787028792534564,0.43031583915044,0.2725327343860964,-2.9971985049006826
-1.0,0.23161303034250436,0.36218199773164517,-4.761875251145214
-0.5374477378618403,0.2506383477561156,-1.0,-0.368647283325246
-0.8731803502129605,-1.0,-1.0,-0.9282373037995038
0.7037320216011629,0.5239467877428159,-1.0,-0.6851468588085962
1.0,0.19527413985199016,0.2638268372128265,6.971688590514487
-0.522729739295597,-0.41648722911102376,0.5408036695633227,0.6132174780812276
0.8365834129972678,0.802809995399568,-0.8778060731893988,6.5466884315609954
-0.6928559259237606,0.14159987697688137,-0.6435128920930304,-0.773800237557718
0.4273599546231934,-0.3880401147941368,-0.4155699955964156,0.6763477951935092
0.06358128182841094,1.0,0.10228097329320596,7.574083361999998
0.22791661241952155,-0.7958699486631524,1.0,-4.302640758524974
-1.0,-0.6689552720545098,-0.41646692998001456,1.1244568886536976
0.3074391531781553,-1.0,1.0,-6.709898523112703
-0.3336364742533182,1.0,-0.11893472844730169,6.496033511952463
-0.1651923283102481,0.35180199992317385,-1.0,-3.81665106127594
0.8546692350557323,0.07613252983339103,0.2386297269658495,3.587618267223456
0.9409485077167667,-0.619688369072118,-0.7629170473503886,2.547062055127189
0.45858844898572415,0.0940155931539457,-1.0,-2.7819717051815247
-1.0,0.9938298176869431,-0.844941933572025,15.851904292793101
0.25046499837352876,-0.9028989547274857,0.1174394059103292,2.028959825761515
1.0,0.3326754349099754,1.0,19.29321318465648
1.0,-0.8113112354538046,-0.3430427078660403,0.32001114358879496
-0.12004585247261157,1.0,-0.34106358391137315,9.18865011136501
-0.5809360806494217,-1.0,-0.22011063728104618,4.257858977811603
1.0,1.0,-0.27733344891138345,16.387560881218587
0.26960239037989986,-0.5307596989618717,-0.24389657731511027,1.0878262792212625
-1.0,0.1996368825167838,-0.18039660384078116,-3.9143058692983574
-1.0,0.17903976630281537,-0.9396435269657051,9.906178727990618
-0.24667209689967096,1.0,1.0,14.463844739664816
-0.24067047381429307,-1.0,0.7692333574989834,-0.7766128871193734
-0.050322251468970736,-1.0,0.06628889947180938,2.489626611371227
-0.15538856670376533,-0.904937251767427,0.44908681243589954,0.8071426462241966
-0.16651915792490213,-0.012920638776737992,-0.24206991920958987,0.7283058836849375
-0.10214674838669513,0.9324986091071441,0.433286398270218,4.904199398949163
-1.0,-1.0,0.5291710804733358,12.582757187644365
0.21836513612294595,-0.14124527669515996,0.11193416150519053,0.9581574734286235
-0.6063175915785106,-0.1423147201437318,0.6902508038249549,-1.2185299255513926
-0.07618894386487018,-0.498423395522233,0.7563031067952075,0.3440458922998206
0.2995904483959533,0.05933794463153097,1.0,-0.46202320649715634
0.11449914140322259,0.6615757922048493,0.5466273825106653,0.6566824957804408
0.8394434570216749,1.0,-0.9358007565712574,19.823823238302296
-1.0,-0.18619687508909455,0.21425395161359195,-3.3594280735986914
-0.6445748472999722,0.9576413869563463,-1.0,-0.4575097282912777
-0.5165889933187595,-1.0,1.0,-2.5837541129722403
0.25611324473412744,-0.1652883199824553,-0.28046467144236575,2.2286879404499844
-1.0,0.7625735078314073,-0.9881150433526749,18.601343782636857
0.3751678808860619,1.0,0.3942622696540736,6.97396865822774
0.048796419183424256,-0.309045036016681,-0.3298918631912764,0.34536755941018094
-0.3981307619218366,0.3295718395147724,1.0,2.7876365868248643
1.0,1.0,1.0,25.87990729721199
-1.0,-0.18892357853598862,-0.7632226761898273,0.10447307366772074
1.0,0.7416770496031793,0.8846460389027355,19.769513423479424
-1.0,0.9379926107336476,1.0,15.721668222796692
-0.7614153227678089,0.8160327019712639,1.0,10.946797799911565
0.43199186473776807,0.728469629202001,0.6340947659931118,3.176105997886421
0.02325483945056228,0.4518654538502087,-0.4259454097837967,0.6094317330300585
-1.0,-0.6496276199421329,0.8601739515964522,8.263397677394849
1.0,0.7298989693305566,-0.2787513065889706,7.279457168318502
0.924515556700702,0.008143159487356444,-0.7021071912217047,3.3703803281503095
0.32496670366319935,-0.5519961536399582,0.6530692806533038,0.42381441337353637
-0.1831151353890963,-1.0,-1.0,-15.459594823913342
0.814524695109061,0.632697907035451,0.9194182654728105,9.67156877527178
-0.43529125034945415,0.27103290522003265,0.626045394526902,-0.8536283225776198
0.07715499591587127,-0.022210322974720365,1.0,-0.1915169596486738
1.0,-0.5442203181124872,0.4303145260722441,4.556435134857555
1.0,-0.870953213039259,-1.0,-12.350053993297657
0.9857115867998347,-0.46602175033975146,-0.3395405293583207,3.6876225014539905
0.6442240578479523,-0.31422070939393953,0.9968823999067367,-1.4211874328319878
0.23231065917441218,-0.620262743190527,1.0,-2.1730478741354906
0.5347877658819287,-0.41054422276819547,-1.0,-4.701167538619486
1.0,-0.7263645584245242,1.0,1.0838216408312606
0.5232904467166315,1.0,-1.0,7.277008570891458
-0.4779708211620648,0.8308017842665383,0.04182504216057681,0.4744779239661348
0.603415218021266,0.29549244766372995,-0.22489964936253792,1.3872451910649641
0.02280864148435402,1.0,-1.0,4.581215129413134
-1.0,-0.028972430357017576,1.0,3.8331632830270554
-0.10185325501632891,-0.21364380118970705,-0.015511945223814605,0.8660589072285465
0.5564165016335287,0.22706825769554229,1.0,2.121490703942649
0.07527524543553077,-0.5971277169270959,0.7850710363508704,-0.07233528755835195
-0.5650411628510241,1.0,-0.15991835269300259,5.592760751307425
0.386182012933981,-0.7154549034763757,-0.40924366365756004,0.840215286496067
1.0,0.4504149296126525,-0.2058382754781436,5.439080807902832
-1.0,1.0,-0.005456163259672353,7.8873334085751
-0.6602809159809298,0.11989885920664811,-0.16769699490641687,-1.3156364489396488
0.2002660265777061,0.8072796383568763,0.7675502242353032,4.15127801737869
-0.7257194375404676,1.0,0.3282252756588089,3.2100588524926907
-0.8423541042320839,-1.0,0.4726610722192299,7.562320368250045
0.5828369898725949,0.16647626302526497,0.3072651370228754,1.5480548912335765
-0.1290920401531277,0.3058008825877223,0.05194335042282194,-0.8192814658390574
-0.7919581176263035,-0.10102128113168196,0.7615291972205205,0.296118098217816
-1.0,1.0,-0.08617939636502325,8.817577370036215
1.0,-0.5796727137266984,-0.12300979429553749,3.430473225315617
-1.0,1.0,-0.1906480883765873,10.282979439431116
1.0,1.0,-0.8595706479159426,32.85400511255263
-0.4204770950813612,0.5925598378981787,-1.0,-3.736809314637595
-0.12420673577488062,0.9054898132661784,-1.0,-2.171258062778194
0.26661894994460344,-1.0,-0.34055910774355636,0.3654351661460411
-0.47806042829656925,-1.0,0.20051954014575069,2.9182328032146168
-0.8254061765192455,0.6547240583343803,0.7790540905183965,-0.8408552635015892
-1.0,-0.26053439006955736,0.0026976584323201713,-3.539239285503009
-0.8922903628585568,0.000242274158835043,0.4471990203396141,-1.843387097448273
-0.4273080824163653,-0.566690847223073,0.5943656578235248,-0.059593711434062
0.5017291189318214,0.44924732012367263,1.0,3.399325669642544
-1.0,1.0,-1.0,21.786717667927704
0.5080374989132395,-0.07019561250463524,-1.0,-3.6078422105105443
-0.5505384957231798,0.31463288843769366,1.0,2.394485425637466
0.5649027106971052,-1.0,-0.11765832605937065,-1.1578510150918448
0.06667556833644328,-0.8558186551480953,-0.024719553498931512,2.4289854441093492
-1.0,-0.8104965811406395,-1.0,4.843801957742616
-0.6804257809853191,-1.0,-0.7019911462432809,-0.07067246676139335
-1.0,-0.11477087511693274,-0.6604161011906631,-0.4394140535794071
1.0,1.0,0.8261296577082251,18.47033808752516
-0.568075757252122,-0.08316242379373073,0.8911356037716849,0.8342513331315804
0.1825509611161682,-0.3960099758104145,-0.06186329146739178,1.817863465744022
-0.054636210017753095,-0.1266875769031357,0.8631441204650567,-0.16407501948395592
-0.7538271612008964,-0.4122234344164346,0.4550930541050915,0.4682861930930721
-1.0,0.9603405726379552,1.0,16.171893685380038
-0.8159239634810067,1.0,1.0,16.274762349371994
0.45674369199909615,0.5760920642510934,-1.0,-3.0270964233838438
-0.9093210428476923,0.9514775759617533,-1.0,11.16130154061942
-0.7576881811976004,-1.0,0.37685066631223973,6.285847791206711
-0.11835989383500167,-0.9792356448196138,1.0,-5.419831242023895
-0.5042694192741402,0.4610153498524048,-0.36234127242119096,-0.8310403143442177
0.8817896406332366,-0.09177335769680006,0.7816038411135608,4.664770810574352
-0.5744985856145282,-0.264285478472877,0.6215039298183582,0.7456370390063862
-1.0,0.5544995566319209,0.4028564512084105,-5.050826740521889
-1.0,0.07568561387643613,-0.22708907604248973,-3.7364942650201525
0.6454687055451858,-0.3967935061492811,1.0,-1.7077228669527533
